query_id,query,relevant_docs
1,what similarity laws must be obeyed when constructing aeroelastic models of heated high speed aircraft .,184 486 13 12 1268 878 51 14 875 1361 1144 141 792 746 747 195 172 435 573 78 880 1362 332 251 374 665 311 588 914 552 252 540 1169 36 236 25 28 1072 685 526 1098 104 29 1304 1168 686 158 726 284 404
2,what are the structural and aeroelastic problems associated with flight of high speed aircraft .,12 746 792 141 14 1089 172 1170 884 51 724 726 184 883 1169 1263 429 747 875 810 1379 36 729 78 1158 878 47 700 606 1217 100 1042 588 833 781 607 364 416 650 92 453 876 75 33 1163 712 908 896 578 1295
3,what problems of heat conduction in composite slabs have been solved so far .,5 399 181 144 485 542 251 828 826 980 579 944 1072 90 425 623 547 584 350 586 476 1295 91 582 159 387 422 587 344 329 707 785 119 861 656 99 893 811 1002 585 28 486 1073 36 1302 1183 266 509 72 1370
4,can a criterion be developed to show empirically the validity of flow solutions for chemically reacting gas mixtures based on the simplifying assumption of instantaneous local chemical equilibrium .,166 488 1189 1275 185 1061 1085 1255 236 317 167 1312 1123 575 259 401 1252 574 1296 536 435 1374 914 576 410 1010 1315 332 1192 378 1375 1221 583 437 1180 1224 283 24 426 456 1077 656 587 1297 190 1242 541 493 1011 1295
5,what chemical kinetic system is applicable to hypersonic aerodynamic problems .,103 1032 943 1296 746 1272 1379 28 625 650 849 540 1295 828 36 488 172 401 552 1391 1068 1374 813 42 108 368 359 355 357 77 1180 575 1072 1268 1248 101 536 329 1297 68 968 1200 925 1065 410 1305 332 544 344 342
6,what theoretical and experimental guides do we have as to turbulent couette flow behaviour .,491 257 121 386 315 385 148 651 610 251 228 472 775 1273 1110 344 294 1148 1282 296 544 1374 243 406 355 607 817 767 1364 802 825 1225 138 128 1268 556 558 1190 522 798 418 287 646 377 959 861 1196 1214 112 443
7,is it possible to relate the available pressure distributions for an ogive forebody at zero angle of attack to the lower surface pressures of an equivalent ogive forebody at angle of attack .,492 973 434 56 57 122 1231 124 1040 232 248 1307 354 1347 48 443 197 947 988 1381 225 32 1114 638 1350 1006 801 234 58 1352 711 712 688 694 469 1355 312 1186 1104 709 1192 498 69 1077 1179 1000 1115 815 189 713
8,what methods -dash exact or approximate -dash are presently available for predicting body pressures at angle of attack.,122 443 492 907 711 232 237 569 556 1083 1352 1082 1193 1231 433 124 69 461 988 19 801 48 248 753 923 476 1179 947 1297 197 1379 993 815 441 707 1077 709 1188 292 1322 21 1310 1040 927 1186 58 1347 1114 354 234
9,papers on internal /slip flow/ heat transfer studies .,21 45 550 306 22 571 270 102 1215 303 326 388 310 989 1204 1002 629 1264 398 528 872 873 46 269 1258 1393 651 387 539 98 1394 666 662 240 534 1107 81 144 120 661 283 5 23 572 37 1282 145 983 784 564
10,are real-gas transport properties for air available over a wide range of enthalpies and densities .,493 302 949 1199 524 1286 691 1009 1264 1214 781 583 405 1010 332 1274 1319 1143 328 1312 110 541 421 1003 185 1077 1315 69 125 1310 463 575 1335 540 576 446 1295 621 1185 1237 283 830 656 416 103 127 167 169 616 649
11,"is it possible to find an analytical,  similar solution of the strong blast wave problem in the newtonian approximation .",495 654 110 1327 273 72 1356 472 667 473 1157 305 1238 147 370 192 28 341 27 1310 556 304 572 262 107 1200 570 2 508 557 567 308 665 1206 802 1186 1242 279 317 1252 1156 1147 525 724 1389 1319 25 1231 1274 641
12,how can the aerodynamic performance of channel flow ground effect machines be calculated .,624 543 1232 650 649 1223 1221 1164 1209 506 86 34 39 602 1144 1165 939 245 806 592 1334 1332 966 792 590 749 652 1094 1379 1222 387 982 588 404 33 576 270 1187 453 1339 324 671 805 1203 632 1167 94 810 1391 213
13,what is the basic mechanism of the transonic aileron buzz .,496 903 520 313 38 643 1268 440 199 880 415 797 1099 660 503 1242 468 1017 526 801 879 1079 469 258 1290 251 780 1332 1334 1037 853 42 594 312 143 335 893 713 1248 316 117 467 197 1068 1338 577 28 36 1154 1153
14,papers on shock-sound wave interaction .,64 256 65 170 132 402 1364 439 291 319 903 568 334 335 1303 308 1157 46 169 798 345 1228 739 569 806 875 939 490 124 1327 216 192 388 1156 1160 25 1313 190 129 166 1389 608 296 358 572 265 1312 1203 1208 721
15,material properties of photoelastic materials .,462 463 761 1097 1117 553 1025 1099 1098 1279 817 542 1340 1043 82 1065 1096 866 1027 1024 982 1127 981 890 1015 762 119 592 707 822 405 1100 691 1322 949 586 509 524 1269 1010 259 829 1199 1042 1312 108 37 840 1019 1071
16,can the transverse potential flow about a body of revolution be calculated efficiently by an electronic computer .,498 106 1255 93 1006 927 1301 494 869 410 1259 326 814 528 1108 801 266 803 360 231 1280 1286 918 992 916 94 1112 556 468 662 1246 196 25 802 257 1304 208 1393 456 983 945 1043 669 452 849 922 372 1243 1159 425
17,can the three-dimensional problem of a transverse potential flow about a body of revolution be reduced to a two-dimensional problem .,1108 1301 700 106 445 916 1281 577 410 498 2 1255 801 987 527 266 601 1304 714 148 927 1224 94 1235 1072 372 336 1149 981 933 1197 1206 494 284 992 1253 362 652 1036 1259 326 1179 188 373 662 705 750 87 641 257
18,are experimental pressure distributions on bodies of revolution at angle of attack available .,248 498 234 56 197 232 1005 231 57 122 492 354 124 927 1114 225 988 1006 1104 1350 1231 196 801 58 312 1304 435 1352 1192 808 1307 1310 443 19 688 572 541 421 48 192 947 372 360 1214 1339 373 1218 69 273 70
19,does there exist a good basic treatment of the dynamics of re-entry combining consideration of realistic effects with relative simplicity of results .,82 706 1346 1279 716 554 1219 713 1296 152 1295 274 1217 842 509 163 978 1153 826 446 437 27 186 44 1297 1379 1260 318 85 416 1290 164 402 1382 1347 482 125 190 1072 1391 1283 344 914 1264 586 964 831 353 472 69
20,"has anyone formally determined the influence of joule heating,  produced by the induced current,  in magnetohydrodynamic free convection flows under general conditions .",500 268 88 450 270 87 966 300 123 84 190 458 267 1194 269 26 1008 407 1315 968 396 44 95 1097 456 104 1181 265 902 975 102 897 1177 416 636 132 991 477 1153 953 1364 472 135 860 171 973 334 635 1273 889
21,why does the compressibility transformation fail to correlate the high speed data for helium and air .,502 302 343 68 271 96 628 686 377 338 1007 1156 413 538 1303 947 187 125 297 1199 562 1157 1004 1337 874 1011 578 1237 1176 416 481 204 156 421 435 881 340 1180 16 1159 193 624 810 998 152 1264 32 1161 92 1230
22,did anyone else discover that the turbulent skin friction is not over sensitive to the nature of the variation of the viscosity with temperature .,125 413 560 307 50 348 565 16 962 254 9 306 861 165 406 1212 61 140 55 346 62 525 81 120 260 474 72 493 980 1298 80 381 547 1235 562 568 255 352 74 1355 377 21 1226 570 1386 546 497 49 171 1261
23,what progress has been made in research on unsteady aerodynamics .,902 28 892 718 753 251 237 1287 1151 893 360 11 244 130 1109 453 698 903 1169 14 640 1259 899 216 262 185 634 804 1057 36 1103 117 724 586 1289 828 798 1 1349 1068 905 1268 74 1079 127 33 911 220 1290 1206
24,what are the factors which influence the time required to invert large structural matrices .,756 46 12 47 724 51 883 650 1088 102 738 1170 837 781 884 893 75 615 1024 833 1072 1034 614 1361 1188 365 613 1242 262 783 865 1248 1015 267 1300 1311 548 182 845 653 1043 484 1079 1068 726 338 792 42 391 520
25,does a practical flow follow the theoretical concepts for the interaction between adjacent blade rows of a supersonic cascade .,215 121 277 216 214 134 511 945 989 772 212 426 798 186 1288 97 540 213 11 409 578 990 588 1367 138 1072 345 1202 1222 988 395 187 455 1329 306 487 179 172 211 592 1325 987 1271 984 352 767 658 1364 556 310
26,what is a single approximate formula for the displacement thickness of a laminar boundary layer in compressible flow on a flat plate .,307 382 145 96 611 348 305 4 629 306 1278 1355 1282 568 117 310 135 547 148 572 309 180 346 562 1072 560 389 1386 1076 527 23 72 1325 327 381 21 308 1182 784 569 50 375 1375 996 610 1220 412 326 393 352
27,how is the design of ring or part ring wings by linear theory affected by thickness .,1176 1031 428 888 1035 1178 512 1129 1070 1133 838 1362 224 680 1132 833 921 548 279 613 752 1177 733 614 247 147 677 674 513 919 615 367 1320 521 207 36 189 364 42 1063 679 1124 792 916 135 404 924 902 202 251
28,what application has the linear theory design of curved wings .,251 36 893 674 28 503 367 677 1362 981 1068 758 247 1050 683 521 739 117 250 921 967 1130 712 1294 1075 633 545 752 1342 13 470 1202 27 1048 906 675 698 415 612 204 777 236 432 39 360 1131 916 451 1124 924
29,what is the effect of cross sectional shape on the flow over simple delta wings with sharp leading edges .,465 612 420 464 211 146 901 222 513 514 601 250 900 683 1107 561 792 1248 803 902 686 147 545 682 200 787 699 1203 1229 1034 757 227 680 797 1272 688 779 924 1231 752 225 916 334 39 435 1005 675 1343 304 600
30,papers on flow visualization on slender conical wings .,513 683 420 633 601 602 921 465 464 222 247 147 388 229 901 545 902 230 680 466 600 1186 46 45 1197 919 250 791 146 191 126 875 916 225 739 779 941 752 289 432 1112 657 792 494 19 514 1259 270 626 577
31,what size of end plate can be safely used to simulate two-dimensional flow conditions over a bluff cylindrical body of finite aspect ratio .,751 1209 247 916 1153 1082 895 918 228 749 1339 229 433 1040 205 188 179 1072 920 704 2 698 1390 362 1393 173 522 527 1149 1268 180 1341 135 1245 1085 317 442 1247 404 676 456 1313 531 94 1320 1319 1301 454 133 1202
32,to find an approximate correction for thickness in slender thin-wing theory .,752 1186 468 147 250 921 382 467 230 802 683 919 601 279 247 432 599 1197 134 289 843 1112 530 665 901 801 1259 192 889 877 1044 680 916 146 545 307 332 926 1387 848 273 160 1043 922 1266 433 898 918 941 902
33,how do interference-free longitudinal stability measurements (made using free-flight models) compare with similar measurements made in a low-blockage wind tunnel .,516 431 141 252 808 904 1163 76 1153 608 755 791 1065 1395 1106 188 594 812 1000 1162 1074 1155 1004 179 1350 800 315 602 799 1001 1349 311 809 207 714 631 546 713 795 672 1243 183 918 1066 371 196 9 970 1305 598
34,have wind tunnel interference effects been investigated on a systematic basis .,516 1153 799 1350 431 175 610 1155 795 1062 904 1243 280 1074 252 1353 520 230 198 141 1341 907 809 800 594 618 755 598 1287 171 631 714 40 923 1336 876 544 188 1169 185 993 1075 196 1004 672 256 1204 933 514 999
35,are there any papers dealing with acoustic wave propagation in reacting gases .,875 1203 1208 654 488 1160 319 1327 1389 75 1061 1189 739 913 1276 297 68 1244 410 151 649 1252 147 1077 156 720 745 388 583 46 663 1314 1156 209 1206 1315 1103 166 541 270 266 1082 803 865 236 785 132 439 179 1144
36,has anyone investigated relaxation effects on gaseous heat transfer to a suddenly heated wall .,1268 550 135 123 274 1004 1222 168 565 260 959 518 975 319 623 646 509 789 546 661 44 666 980 1386 912 74 1192 387 283 398 347 353 66 1393 522 120 55 348 281 1213 269 1180 72 773 154 84 303 1002 62 662
37,are there any theoretical methods for predicting base pressure .,186 179 461 188 409 283 126 1311 655 232 1352 923 979 121 89 1306 415 676 173 487 1088 147 242 146 282 1018 580 189 196 482 865 431 927 1336 345 176 1277 68 1083 273 202 519 1001 815 1386 973 730 785 1377 11
38,does transition in the hypersonic wake depend on body geometry and size,536 1238 976 1373 433 1205 1211 338 85 186 1279 25 1262 154 89 556 182 1153 272 446 1264 449 279 1391 558 7 36 738 927 1179 1183 1201 800 122 553 369 531 1141 289 1381 1310 79 125 796 979 360 610 992 1239 1247
39,how can one detect transition phenomena in boundary layers .,315 1268 207 610 1257 959 37 272 281 337 418 330 1154 260 504 526 1321 53 43 1278 40 754 261 406 1211 142 293 171 39 798 182 1149 1301 344 254 992 7 135 41 358 477 404 6 291 1185 314 1205 996 79 1264
40,how can one detect transition phenomena in hypersonic wakes .,536 37 17 1257 207 315 281 330 1158 1305 535 568 401 1205 655 1368 171 39 272 1152 1321 1391 41 138 404 6 40 43 610 1211 960 1278 182 293 294 9 130 525 11 688 992 615 89 1093 7 614 723 548 1201 289
41,has anyone investigated and developed a simple model for the vortex wake behind a cruciform wing .,289 433 927 288 520 432 1277 1152 229 126 1141 549 154 1196 1091 60 558 901 1202 1340 825 420 976 1183 279 1191 601 1342 446 222 714 1064 416 464 97 656 121 1162 191 755 225 799 1343 278 1164 979 85 1163 527 681
42,what is a criterion that the transonic flow around an airfoil with a round leading edge be validly analyzed by the linearized transonic flow theory .,521 526 496 440 468 503 469 797 439 903 404 121 467 1228 38 211 1320 312 1154 313 1267 683 39 124 901 569 801 1265 335 26 757 989 363 572 452 1112 900 118 420 917 916 197 465 793 902 318 1262 70 1153 191
43,can the transonic flow around an arbitrary smooth thin airfoil be analysed in a simple approximate way .,469 467 903 503 496 404 468 39 521 1194 194 1070 1074 526 916 121 1210 313 122 919 211 312 193 124 940 1153 283 70 452 1375 1248 990 936 1154 1301 464 335 572 352 1324 848 130 439 989 917 663 38 921 984 1233
44,what are the details of the rigorous kinetic theory of gases . (chapman-enskog theory) .,1190 103 1199 236 357 367 108 1031 760 1160 1226 42 943 231 541 849 1134 1228 583 1314 1148 878 1216 772 338 141 36 1372 307 1072 410 1079 93 126 251 102 1032 202 252 1391 609 862 746 68 1297 1242 332 824 136 544
45,has anyone investigated the effect of surface mass transfer on hypersonic viscous interactions .,305 525 540 123 353 84 1299 274 1185 26 1002 1159 666 480 329 344 1204 481 310 573 623 655 133 44 553 625 324 983 572 1200 2 37 494 240 1395 577 337 303 1076 1241 355 1192 645 1311 570 342 364 1198 646 773
46,what is the combined effect of surface heat and mass transfer on hypersonic flow .,305 525 353 84 123 540 333 36 1159 37 983 623 655 1185 303 274 572 344 270 481 1366 666 1394 1002 1241 784 240 260 688 295 873 629 23 571 662 1107 269 1204 1328 120 1386 28 689 981 651 1200 1139 1158 1198 645
47,what are the existing solutions for hypersonic viscous interactions over an insulated flat plate .,525 307 568 305 1200 310 570 327 260 663 304 1299 25 1076 308 375 180 540 61 9 133 1072 572 334 1214 389 117 329 98 537 2 629 1311 573 1253 348 1355 93 124 1310 1370 135 1002 309 628 733 4 494 1274 1319
48,what controls leading-edge attachment at transonic speeds .,526 440 797 683 222 334 521 1300 1320 712 655 633 707 439 634 685 924 569 792 251 879 793 420 638 900 1079 902 757 465 796 801 25 214 226 901 433 876 1251 1107 675 252 26 211 315 155 798 788 1228 146 600
49,"can the three-point boundary-value problem for the blasius equation be integrated numerically,  using suitable transformations,  without iteration on the boundary conditions .",527 321 1370 320 1235 349 366 322 476 499 1108 150 356 15 553 365 374 1302 1365 943 479 107 987 832 111 417 585 1053 731 478 700 493 17 72 734 131 1233 59 117 255 1383 1154 561 1259 351 916 1238 300 94 854
50,what are the effects of small amounts of gas rarefaction on the characteristics of the boundary layers on slender bodies of revolution .,494 273 435 541 192 801 332 1259 233 1301 1149 1207 922 1248 1268 1310 318 248 326 142 231 27 1263 161 414 1274 146 550 124 1319 25 1213 802 576 625 421 1112 234 236 498 456 329 123 798 925 1393 168 167 629 645
51,what is the available information pertaining to boundary layers on very slender bodies of revolution in continuum flow (the transverse curvature  effect) .,494 326 261 528 1281 36 23 1213 25 1301 1310 94 251 1214 142 922 1259 124 248 629 273 192 1248 1391 117 435 1149 233 372 146 106 498 1124 112 1112 798 456 600 133 1393 666 265 105 17 96 421 306 906 541 270
52,what is the available information pertaining to the effect of slight rarefaction on boundary layer flows (the slip effect) .,1215 21 251 306 36 550 96 629 534 1214 1142 326 1191 22 117 265 528 8 17 182 187 1383 42 672 906 1204 651 125 176 1245 170 211 1211 94 260 377 375 440 269 959 600 324 23 1104 792 623 1281 846 941 1391
53,"what investigations have been made of the flow field about a body moving through a rarefied,  partially ionized gas in the presence of a magnetic field .",208 1221 531 269 1253 407 298 1236 1273 61 270 437 267 625 1255 1139 1222 490 112 296 1282 22 447 297 653 370 33 228 88 456 1006 469 28 1181 251 1238 626 266 34 268 1239 1189 1105 1377 85 408 273 808 318 540
54,how is the heat transfer downstream of the mass transfer region effected by mass transfer at the nose of a blunted cone .,123 1307 84 44 305 1213 338 274 354 651 525 623 1185 365 1300 353 754 784 666 1107 366 773 364 522 303 555 554 1192 1159 1241 962 645 979 344 662 45 789 240 570 553 564 480 310 77 646 211 566 423 560 546
55,to what extent can the available information for incompressible boundary layers be applied to problems involving compressible boundary layers .,17 460 1185 377 1301 251 135 344 1149 406 798 376 16 1154 254 1281 291 1268 1109 959 562 504 1214 477 142 358 1376 261 754 36 425 1383 629 461 315 1225 1364 445 1375 542 526 413 610 34 266 148 209 1261 1302 1334
56,to what extent can readily available steady-state aerodynamic data be utilized to predict lifting-surface flutter characteristics .,753 783 14 1339 251 1105 441 1331 711 379 627 1057 637 202 1275 811 52 36 1290 708 781 686 391 671 461 1078 749 680 1285 685 798 704 530 878 30 1272 1338 1209 1336 675 899 204 707 380 37 1196 856 979 70 999
57,what are the significant steady and non-steady flow characteristics which affect the flutter mechanism .,753 1181 117 380 1339 444 916 52 1272 1099 894 1273 1081 899 167 1296 1275 475 3 1269 461 351 152 634 1194 1221 704 747 1268 112 1084 379 1078 267 363 810 310 202 856 1083 495 857 576 317 42 472 4 1270 1149 23
58,"is it possible to determine rates of forced convective heat transfer from heated cylinders of non-circular cross-section,  (the fluid flow being along the generators) .",754 270 1159 120 873 789 788 785 773 387 407 963 509 269 1084 398 872 1184 435 1348 1283 661 869 912 1359 764 1213 571 1375 534 260 852 1222 1393 101 1203 341 842 23 1154 934 1104 1394 159 84 900 1294 375 561 166
59,how much is known about boundary layer flows along non-circular cylinders .,292 842 1105 657 786 801 912 1055 610 364 839 785 458 1309 754 541 207 1176 1359 381 962 1033 734 383 646 1084 661 659 1154 855 266 651 527 435 1116 1362 1051 1268 300 1054 39 844 932 614 1159 672 563 269 488 1118
60,"is there any simple,  but practical,  method for numerical integration of the mixing problem (i.e. the blasius problem with three-point boundary conditions) .",527 321 322 320 1235 410 1377 107 933 833 730 1219 476 641 404 1240 72 196 1273 499 1083 150 349 1072 1372 732 34 131 1220 352 677 369 1206 99 1137 49 1053 6 375 1265 417 437 241 1370 1384 1061 44 785 1224 300
61,does there exist a closed-form expression for the local heat transfer around a yawed cylinder .,539 566 435 564 333 283 1213 553 944 1258 352 1307 122 1002 789 145 651 1238 784 854 23 689 635 452 120 754 565 1264 1191 1192 36 437 267 912 1263 662 861 554 628 646 571 979 869 94 1208 123 186 560 1382 559
62,"how far around a cylinder and under what conditions of flow,  if any, is the velocity just outside of the boundary layer a linear function of the distance around the cylinder .",1258 1268 459 148 483 105 452 381 785 787 1081 255 553 629 1072 1383 788 659 375 36 117 789 94 533 635 116 1074 292 689 236 1394 1384 977 18 565 1262 819 989 1178 1182 155 1112 803 754 548 23 1134 1149 382 428
63,where can i find pressure data on surfaces of swept cylinders .,843 1121 1084 287 1051 889 839 1327 659 1334 1118 1336 678 782 204 1045 1104 548 1119 1130 954 783 842 802 211 1387 196 1339 718 441 472 1192 1343 1311 1287 880 230 1145 57 1069 1039 1122 932 241 928 315 990 676 91 1116
64,"can't the static deflection shapes be used in predicting flutter in place of vibrational shapes . if so,  can we provide a justification by means of an example .",914 730 1204 827 1225 482 786 815 928 556 390 196 37 1024 775 277 1247 1252 124 834 415 587 829 548 206 456 609 1051 70 138 441 311 894 239 719 1018 707 929 493 656 1110 345 391 369 356 722 1017 52 744 198
65,does the boundary layer on a flat plate in a shear flow induce a pressure gradient .,388 3 1106 393 180 1370 4 977 310 2 664 133 1386 569 22 389 1107 629 306 1382 1237 145 165 655 1225 308 155 348 96 309 1182 305 1072 327 1200 9 1282 23 1251 525 74 538 109 1227 1355 412 375 50 663 21
66,can the procedure of matching inner and outer solutions for a viscous flow problem be applied when the main stream is a shear flow .,128 629 191 366 375 1182 2 310 329 576 299 305 97 1206 1224 116 149 590 458 389 73 1072 363 1370 306 540 4 1375 198 133 1253 1265 365 445 664 144 659 977 383 63 1250 89 388 537 588 1235 1083 131 916 324
67,can series expansions be found for the boundary layer on a flat plate in a shear flow .,393 2 180 4 3 388 306 1107 664 389 1106 629 116 784 309 1282 9 308 155 23 412 750 1267 128 22 72 381 998 61 1397 464 663 327 310 977 255 1251 165 89 659 538 1220 375 324 207 50 305 304 560 1200
68,what possible techniques are available for computing the injection distribution corresponding to an isothermal transpiration cooled hemisphere .,628 662 1200 560 1240 365 254 1191 1248 272 481 344 565 689 1263 707 493 661 125 878 985 1056 773 364 1180 352 1266 25 1250 438 248 81 123 42 370 974 194 1391 1161 1199 1274 60 1319 169 646 251 535 635 1343 1185
69,what is known regarding asymptotic solutions to the exact boundary layer equations .,128 540 365 559 1043 117 306 300 310 292 264 1200 648 366 565 1297 1044 1138 105 111 94 941 327 36 458 661 1366 1193 538 190 1375 1383 28 1386 1184 393 381 1053 149 307 1222 14 115 4 364 394 664 322 383 274
70,previous solutions to the boundary layer similarity equations .,540 180 300 349 327 62 1236 365 494 435 1311 359 1260 1054 104 4 939 1186 573 570 1240 565 375 663 502 843 1253 57 25 831 661 325 400 1185 305 1366 13 486 364 397 320 1192 559 124 475 645 1375 1200 366 1394
71,experimental results on hypersonic viscous interaction .,540 305 573 525 26 63 1253 570 310 572 1395 1200 323 625 308 329 494 25 192 124 537 304 663 327 134 568 334 1209 1076 307 1299 170 345 666 256 569 536 455 1311 667 333 1279 409 1310 68 37 97 688 309 544
72,"what has been done about viscous interactions in relatively low reynolds number flows,  particularly at high mach numbers .",315 139 193 1078 799 941 416 666 1082 657 992 630 371 1191 1229 244 1395 53 663 712 1218 285 567 117 1115 1313 413 1157 186 266 205 504 740 1143 122 9 360 370 794 1299 272 1195 187 1381 1360 519 225 1300 1169 993
73,what role does the effect of chemical reaction (particularly when out of equilibrium) play in the similitude laws governing hypersonic flows over slender aerodynamic bodies .,332 541 577 625 573 401 42 488 574 101 1296 1374 1072 552 1247 1310 486 556 494 160 456 572 103 1248 688 1305 1295 36 801 517 28 1010 1252 259 1017 1002 166 236 1315 373 167 1254 1197 1210 575 1288 25 415 370 969
74,how significant is the possible pressure of a dissociated free stream with respect to the realization of hypersonic simulation in high enthalpy wind tunnels .,1153 26 625 68 1142 364 1161 280 576 1155 516 573 997 283 608 372 1099 1003 904 1305 2 1158 1143 493 876 329 431 1391 272 355 594 317 574 747 56 406 571 714 51 1098 636 294 800 122 541 184 656 1303 1204 188
75,do the discrepancies among current analyses of the vorticity effect on stagnation-point heat transfer result primarily from the differences in the viscosity-temperature law assumed .,55 324 82 73 54 1395 630 645 396 50 565 1099 629 306 1393 983 353 328 1258 323 283 562 559 477 91 366 1386 1159 1146 303 1215 81 1161 168 352 580 555 662 661 524 438 525 689 944 668 1204 387 1097 24 394
76,how far can one trust the linear viscosity-temperature solution assumed in some of the analyses of hypersonic shock layer at low reynolds number .,630 666 667 328 1007 43 255 565 1391 50 1373 315 1198 171 1082 1076 9 1072 1157 1394 474 55 389 25 54 944 562 671 390 572 6 808 803 1205 1295 1395 1309 962 523 1274 1300 1319 329 334 976 1159 364 981 132 82
77,how close is the comparison of the shock layer theory with existing experiments in the low reynolds number (merged-layer) regime .,329 630 1395 667 1264 1391 315 572 345 668 272 1228 1394 187 537 347 1205 1263 1215 610 1302 343 175 207 1151 335 798 1191 569 504 670 666 710 170 139 346 358 1187 1372 487 328 438 214 808 124 1107 1313 25 80 364
78,has anyone explained the kink in the surge line of a multi-stage axial compressor .,589 543 588 237 578 590 216 138 591 426 576 1126 772 592 214 935 18 1043 928 1102 215 769 213 1318 739 311 757 1316 860 1151 822 1355 1194 1354 640 642 764 850 1364 341 1118 523 431 349 1372 581 433 1080 105 126
79,have any aerodynamic derivatives been measured at hypersonic mach numbers and comparison been made with theoretical work .,199 544 755 597 567 748 251 1066 196 52 1002 1115 600 813 370 202 568 689 746 1104 134 1114 814 564 1302 56 49 214 657 708 791 516 1151 1378 212 342 205 347 1335 360 572 204 155 1213 19 60 631 1157 800 861
80,are methods of measuring aerodynamic derivatives available which could be adopted for use in short running time facilities .,544 790 878 1335 814 251 748 1113 606 599 755 546 1336 622 202 595 813 958 168 1066 1333 746 301 792 592 120 917 441 209 869 1162 287 1020 1342 1214 602 476 730 753 1175 733 704 203 899 1019 36 1024 1032 199 982
81,what are wind-tunnel corrections for a two-dimensional aerofoil mounted off-centre in a tunnel .,714 631 755 799 1163 672 1153 1287 598 140 245 634 42 372 256 795 772 430 1354 516 141 876 1162 1286 1336 602 312 431 1188 445 544 609 1074 78 1290 594 603 652 76 314 185 1154 809 671 230 188 553 171 719 904
82,how do kuchemann's and multhopp's methods for calculating lift distributions on swept wings in subsonic flow compare with each other and with experiment .,1339 677 1332 678 1334 676 206 921 1080 465 503 924 315 637 1333 632 204 247 287 712 699 901 225 415 371 811 792 612 39 1367 683 779 701 420 900 1343 704 674 1337 679 1289 288 682 705 52 669 513 579 311 1362
83,what is the present state of the theory of quasi-conical flows .,898 1275 753 428 633 680 236 97 1196 657 224 1330 19 1297 1230 512 1059 371 541 1134 909 282 1141 966 1072 124 347 828 467 380 975 251 1070 370 553 42 122 603 1058 232 792 930 187 18 540 1079 683 706 1068 740
84,references on the methods available for accurately estimating aerodynamic heat transfer to conical bodies for both laminar and turbulent flow .,294 142 522 435 1310 398 873 1104 959 661 135 651 872 122 72 1263 24 283 564 925 553 19 559 1281 626 550 546 1264 376 295 927 1393 378 1214 1241 1307 240 798 1386 202 101 655 343 381 554 344 336 337 536 74
85,what parameters can seriously influence natural transition from laminar to turbulent flow on a model in a wind tunnel .,84 184 315 314 1287 710 7 294 9 719 526 182 418 610 1154 1155 293 196 522 187 933 125 795 207 799 1211 798 272 377 1264 714 80 96 536 602 311 553 1325 344 625 1106 959 1268 171 876 516 346 1163 280 199
86,can a satisfactory experimental technique be developed for measuring oscillatory derivatives on slender sting-mounted models in supersonic wind tunnels .,755 790 594 431 188 179 1155 280 600 214 1153 544 1290 599 184 516 1074 634 464 801 719 1305 120 65 244 60 227 545 1066 1158 904 543 99 1151 466 251 1142 874 921 1113 916 918 608 455 197 273 1272 513 1001 496
87,"what effect has the boundary layer in modifying the basic inviscid flow behind the shock,  neglecting effects of leading edge and corner .",1228 439 1198 26 797 1267 547 625 1309 334 2 572 310 191 25 707 655 903 134 610 569 1107 304 526 667 327 1229 1248 308 440 105 793 660 211 1300 794 933 1343 757 811 902 1157 167 792 1251 311 675 712 521 666
88,how does a satellite orbit contract under the action of air drag in an atmosphere in which the scale height varies with altitude .,617 548 613 616 622 614 615 618 1150 958 162 163 275 1244 1391 449 510 1166 218 621 1161 1324 164 719 448 619 1255 553 934 969 716 315 1291 624 404 991 1345 1103 1000 186 983 401 1373 424 992 1344 1348 1346 96 314
89,how is the flow at transonic speeds about a delta wing different from that on a closely-related tapered sweptback wing .,757 801 793 797 917 924 921 420 464 916 902 683 205 252 52 638 440 222 1338 794 1341 1290 919 796 315 433 685 803 879 918 601 226 709 1186 901 991 699 711 1 526 632 1246 250 1328 200 1289 663 235 465 60
90,recent data on shock-induced boundary-layer separation .,265 1187 1228 311 358 1257 71 798 1216 293 334 291 416 504 569 892 294 415 1281 757 439 63 793 663 1364 1093 124 1239 1264 484 797 890 630 457 773 406 304 187 421 388 461 996 55 1276 111 1383 568 1385 1367 1382
91,what interference effects are likely at transonic speeds .,252 799 924 431 925 316 1153 315 610 672 1154 440 801 1075 526 1062 520 795 251 214 879 923 1350 800 466 876 516 685 179 918 797 496 468 1362 42 503 242 229 41 803 927 1079 709 415 235 188 312 885 916 335
92,"given complete freedom in the design of an airplane,  what procedure would be used in order to minimize sonic boom intensity,  and is there a limit to the degree of minimizing that can be accomplished .",758 807 1247 804 810 806 809 1252 36 683 1093 28 811 783 1219 808 790 1331 152 726 1147 37 834 1220 1135 753 918 1243 1124 523 70 221 244 42 317 198 192 915 1164 209 1072 696 329 1224 444 1039 220 676 262 1360
93,"can methane-air combustion product be used as a hypersonic test medium and predict, within experimental accuracies, the results obtained in air .",635 691 68 1143 1336 572 355 552 1374 1353 804 1157 686 37 1159 1204 1241 1290 625 628 413 461 360 520 1230 695 1254 421 1315 144 548 536 1199 36 1161 1185 240 185 9 191 328 302 484 332 577 334 923 541 502 338
94,what is the theoretical heat transfer rate at the stagnation point of a blunt body .,1393 283 983 1161 559 101 1104 438 662 1394 555 1099 689 84 36 366 553 323 142 369 24 1040 564 522 668 1307 365 1258 35 329 123 670 666 1065 1097 1395 240 537 354 294 295 571 635 353 1213 524 44 493 1348 784
95,what is the theoretical heat transfer distribution around a hemisphere .,635 662 36 628 1002 283 689 690 1258 1191 101 1395 564 553 554 123 1158 370 1393 1106 497 1394 1213 535 872 272 29 1104 954 1263 295 142 49 435 572 1161 959 1268 1192 55 144 1204 37 496 251 556 789 962 571 784
96,has anyone investigated the unsteady lift distributions on finite wings in subsonic flow .,637 699 1339 779 465 698 1332 1334 705 712 700 683 288 632 1289 250 1333 921 674 1272 704 247 669 902 701 1259 147 901 206 903 225 243 919 803 899 530 204 311 680 612 146 74 1006 797 38 924 601 791 1390 431
97,what information is available for dynamic response of airplanes to gusts  or blasts in the subsonic regime .,779 251 1331 728 1214 36 953 187 781 1334 1289 824 906 1391 440 806 807 1332 265 1270 764 908 792 96 329 810 1165 114 667 1260 725 880 1166 1224 356 1006 122 805 798 409 939 1279 790 314 1105 651 782 783 701 78
98,will forward or apex located controls be effective at low subsonic speeds and how do they compare with conventional trailing-edge flaps .,638 673 1343 315 288 1095 521 792 712 1091 433 1328 311 902 757 1393 1305 924 1211 747 798 121 526 1064 371 797 651 918 1080 704 222 409 683 443 182 1373 811 685 796 1380 236 25 1339 1285 427 969 589 707 196 634
99,"given that an uncontrolled vehicle will tumble as it enters an atmosphere, is it possible to predict when and how it will stop tumbling and its subsequent motion .",639 715 613 719 914 682 32 717 553 962 1393 42 958 36 740 828 1035 1362 138 1348 1305 51 164 1379 1345 811 1110 77 236 614 216 743 1344 228 403 656 810 274 414 1203 754 982 1034 1391 376 555 1017 67 716 589
100,what are the effects of initial imperfections on the elastic buckling of cylindrical shells under axial compression .,1122 760 822 1126 739 1171 1068 1051 741 885 1067 743 1070 1131 1172 928 1119 1117 1013 897 1069 1118 956 934 887 932 1037 839 740 763 889 953 769 1145 823 935 831 929 1017 1123 826 765 843 1071 825 1173 930 1024 938 951
101,why does the incremental theory and the deformation theory of plastic stress-strain relationship differ greatly when applied to stability problems .,819 817 820 823 1119 760 837 825 826 818 1122 767 1025 1121 867 1030 462 1014 1035 824 1067 836 1361 1013 1120 870 1392 1132 284 187 379 801 790 451 953 1027 1071 733 1020 14 692 843 73 460 644 740 1173 680 445 1262
102,basic dynamic characteristics of structures continuous over many spans .,910 729 516 720 1007 998 1001 913 1331 713 1006 1342 497 827 1015 1289 1268 948 506 1092 231 728 525 660 11 1039 229 834 862 588 1065 100 650 47 1242 1361 416 711 576 1166 1235 712 486 67 1296 286 1000 798 172 1165
103,is the information on the buckling of sandwich sphere available .,761 1050 1048 1127 956 1126 1214 951 720 251 906 1049 1174 1027 770 265 669 826 317 1038 1128 1051 824 1369 1359 329 1034 1253 96 771 1069 1015 1145 1190 1205 441 440 1218 161 1204 829 122 411 36 1334 882 1013 957 400 888
104,can the load deformation characteristics of a beam be obtained with the material being inelastic and a non uniform temperature being present .,762 1024 1294 1019 837 819 644 744 462 835 1042 1055 739 1362 29 754 760 1035 821 952 820 325 825 1154 777 659 241 824 913 1217 734 1178 1025 818 1316 789 836 1330 450 1122 740 542 840 1054 493 1365 833 518 484 1333
105,what is the effect of an internal liquid column on the breathing vibrations of a cylindrical shell .,848 764 847 953 1068 117 1126 739 1071 1172 763 846 1036 887 1037 47 890 1129 740 897 42 1018 886 1123 929 1042 828 821 852 1019 743 1171 849 885 1039 853 1025 1017 769 236 428 1135 838 1034 407 839 926 1012 974 909
106,experimental techniques in shell vibration .,764 42 844 908 552 846 847 728 594 723 1392 740 1066 890 887 1129 848 100 52 878 886 739 1339 1071 1161 1172 1171 910 1044 930 374 929 1145 828 852 879 1030 60 1123 558 1293 1294 462 1135 536 598 1059 926 891 1068
107,in summarizing theoretical and experimental work on the behaviour of a typical aircraft structure in a noise environment is it possible to develop a design procedure .,640 725 909 883 29 658 724 345 220 184 1039 911 1124 1051 100 415 722 1360 836 202 729 102 12 811 581 1279 870 997 47 1362 51 1165 209 78 896 246 884 762 280 1195 253 837 195 804 878 839 742 834 221 137
108,what data is there on the fatigue of structures under acoustic loading .,75 720 724 727 881 726 884 951 909 640 837 867 723 932 883 729 866 1171 1012 1119 295 721 1208 1244 47 768 767 100 865 151 836 251 1068 860 36 1045 1276 952 743 641 1360 13 424 840 955 42 1070 580 834 862
109,panels subjected to aerodynamic heating .,1008 51 711 859 5 31 391 627 982 729 66 877 390 658 29 715 709 509 864 1361 606 856 717 857 1104 707 766 978 1379 1178 860 886 1305 728 635 899 434 1387 158 1400 481 164 95 1127 142 858 727 981 163 500
110,can increasing the edge loading of a plate beyond the critical value for buckling change the buckling mode .,1117 1387 1131 642 1071 1020 1013 915 1032 1396 889 1172 412 742 1173 926 245 957 843 744 1037 1023 1017 1177 761 1119 897 888 1026 820 932 825 1034 739 1015 685 1126 760 1123 424 937 935 936 275 827 951 1053 763 769 1030
111,have the effects of an elastic edge restraint been considered in previous papers on panel flutter .,894 390 627 857 658 1008 766 856 859 858 285 948 391 739 392 202 1131 442 593 822 1392 46 15 864 686 634 911 441 749 826 875 726 270 1339 746 1068 876 1145 874 843 1272 1172 1338 1111 52 1341 914 685 195 899
112,"has the solution of the clamped plate problem,  in the classical theory of bending,  been reduced to two successive membrane boundary value problems .",641 730 733 736 735 734 422 15 527 700 644 731 854 342 131 648 647 627 955 284 1392 1045 1175 936 826 1396 840 831 1108 2 424 155 14 1054 264 1398 551 1119 765 266 1370 855 425 499 134 1198 441 1387 1013 1235
113,what data exists on oscillatory aerodynamic forces on control surfaces at transonic mach numbers .,265 708 704 815 748 52 1272 638 685 801 1328 593 1290 1338 755 753 14 709 1115 1349 1339 792 312 440 701 391 567 797 917 971 780 1163 716 360 205 202 919 32 441 434 1162 1320 790 702 1289 1066 812 342 251 124
114,"it is not likely that the airforces on a wing of general planform oscillating in transonic flow can be determined by purely analytical methods . is it possible to determine the airforces on a single particular planform, such as the rectangular one by such method .",895 1266 918 609 1290 685 676 757 712 315 395 919 704 675 775 703 780 624 916 465 433 78 783 1207 634 885 1392 561 1333 545 1375 521 794 883 924 1289 1388 1316 468 991 266 517 709 153 201 503 237 903 666 456
115,is the problem of similarity for representative investigations of aeroelastic effects in heated flow as intractable as previous investigations imply .,540 184 13 625 1068 1274 1319 782 486 102 1145 1400 1093 139 818 371 490 120 349 34 577 81 469 1253 658 57 1177 1146 99 1008 1002 494 222 1361 14 126 864 1098 1082 875 623 293 662 327 180 799 320 1311 201 144
116,what is the magnitude and distribution of lift over the cone and the cylindrical portion of a cone-cylinder configuration .,522 1106 1038 605 384 272 759 423 1218 1202 123 801 1351 1192 1303 186 48 947 1343 937 936 1231 954 1307 1274 1319 1062 642 354 758 94 1308 1378 1300 1 1074 197 428 1079 1064 310 1110 999 812 1136 713 1135 1068 1243 1001
117,is there any information on how the addition of a /boat-tail/ affects the normal force on the body of various angles of incidence .,282 229 230 60 924 1304 927 1164 907 782 1285 1163 196 122 1115 688 433 1162 999 164 1077 947 179 205 520 1243 673 939 1075 610 1362 252 723 1001 44 197 815 204 36 1095 434 234 788 360 225 881 812 290 531 993
118,what are the aerodynamic interference effects on the fin lift and body lift of a fin-body combination .,1243 803 923 545 924 229 230 1239 431 1062 246 599 1188 225 210 1074 600 1352 1380 252 1075 815 638 1265 360 141 484 204 279 1259 683 1328 672 1124 235 809 816 520 901 671 434 77 899 432 698 799 701 234 465 1333
119,what is the effect of initial axisymmetric deviations from circularity on the non linear (large-deflection) load-deflection response of cylinders under hydrostatic pressure .,926 928 897 739 1068 1024 744 1034 1132 763 827 1051 956 533 1131 822 953 1055 830 852 838 1129 1122 1053 930 1126 821 1118 730 765 58 168 1069 863 117 1133 1070 1116 520 894 1362 931 641 627 1177 1025 1091 1371 1054 1058
120,are previous analyses of circumferential thermal buckling of circular cylindrical shells unnecessarily involved or even inaccurate due to the assumed forms of buckling mode .,769 887 890 1146 885 741 1117 1172 886 765 1122 926 739 760 1070 897 1116 1068 888 1145 935 937 889 891 1177 846 928 763 831 1013 743 1400 956 833 742 936 822 764 1051 1123 1126 898 1173 843 642 1174 31 400 839 744
121,what papers are there dealing with circumferential buckling either thermal buckling or due to mechanical loading .,769 1146 887 888 890 837 742 1127 885 739 31 1056 1172 741 935 1117 891 580 875 1131 1032 833 1362 932 1119 1122 1024 1178 767 1070 1177 1013 1016 1050 1116 1126 1017 820 1387 956 1012 36 951 1030 926 886 950 1173 642 822
122,what analytical investigations have been made of the stability of conical shells . how do the results compare with experiment .,1068 898 1070 371 934 251 828 78 938 931 1287 600 207 743 1268 1118 1059 957 1119 442 1117 935 930 841 1134 504 657 370 1071 782 514 315 28 814 1171 626 633 862 893 36 825 679 907 937 918 936 826 1001 760 455
123,has any work been done on determining the nature of compressible viscous flow in a straight channel .,1360 775 1221 147 537 917 34 1078 394 131 186 387 701 112 270 980 1222 375 740 941 389 196 28 530 376 1386 73 244 49 967 742 305 504 1083 206 1270 54 309 128 227 395 155 901 383 798 404 676 1316 81 521
124,"in what areas, other than low density wind tunnel flows, is viscous compressible flow in slender channels a problem . what analytical investigations have been made of the stability of conical shells . how do the results compare with experiment .",941 1068 371 828 625 504 73 898 1287 442 600 270 657 251 28 236 183 799 78 455 516 185 792 117 315 934 207 514 404 918 230 1268 1072 109 112 1080 1070 171 160 1274 1319 938 1231 1082 633 1106 225 36 451 1305
125,jet interference with supersonic flow  -dash experimental papers .,993 997 696 1074 176 970 1093 1083 610 1195 1350 1349 179 188 388 121 173 1292 695 772 1075 237 608 243 1352 131 569 409 46 103 992 991 924 174 1082 21 907 971 1153 1232 1151 994 1062 1209 520 799 1243 177 875 519
126,thrust vector control by fluid injection -dash papers .,1326 1288 974 1095 773 397 1083 1265 1169 1163 237 1237 46 1328 374 875 387 994 388 1283 628 61 1094 125 1113 1322 308 338 254 1082 638 368 451 337 991 1109 1064 21 365 366 340 270 1199 748 942 490 1223 907 355 1349
127,is it possible to obtain a reasonably simple analytical solution to the heat equation for an exponential (in time) heat input .,981 869 5 6 585 1024 582 91 587 944 606 1207 267 32 628 1375 1392 549 639 861 1073 586 399 45 1393 164 158 666 1258 719 1346 101 185 485 978 395 670 29 1148 258 352 459 546 767 962 167 169 518 280 731
128,has anyone programmed a pump design method for a high-speed digital computer .,945 1063 92 762 1246 745 1043 648 1087 606 328 248 988 987 429 989 1286 111 12 506 658 869 374 36 746 1051 425 712 896 198 876 724 1006 1124 493 1360 416 986 834 1015 588 985 378 301 52 435 868 184 592 1294
129,has anyone derived simplified pump design equation from the fundamental three-dimensional equations for incompressible nonviscous flow .,945 988 987 989 527 985 278 314 73 1310 660 562 4 1281 375 1036 86 705 36 148 637 1108 180 990 535 741 538 376 427 404 941 97 367 700 680 1301 1073 341 1279 476 368 779 1275 143 907 507 298 135 377 351
130,what are the flutter characteristics of the exposed skin panels of the x-15 vertical stabilizer when subjected to aerodynamic heating .,859 948 1008 729 766 5 391 858 857 390 634 627 66 856 864 711 982 727 709 51 29 90 753 812 546 419 606 658 914 31 14 1339 125 434 899 876 728 285 1162 158 75 202 164 500 1379 894 1164 42 1361 746
131,what agreement is found between theoretically predicted instability times and experimentally measured collapse times for compressed columns in creep .,950 1021 1022 1023 1014 1017 1025 1019 330 1012 866 912 1034 1028 952 1029 955 1026 168 1032 169 518 951 1013 1030 1125 1020 1027 928 158 517 1159 1024 1378 1313 697 1018 1066 287 1172 1015 78 1075 69 1335 171 544 927 1035 85
132,theoretical studies of creep buckling .,1021 1017 950 1013 1026 1023 1020 1052 1015 951 1014 1029 1012 1028 1027 1024 1030 1022 1018 743 1031 1025 957 952 1034 767 997 830 1016 871 833 400 761 822 1146 891 642 1035 1122 827 1019 1400 760 823 1314 1050 1121 856 1051 1160
133,experimental studies of creep buckling .,951 1013 950 1026 1023 1020 1017 1028 1015 1014 1029 1012 1021 1027 1024 1052 1016 1030 1022 1018 1031 1025 957 743 1019 1034 856 866 871 833 830 997 767 822 932 760 1035 952 823 935 1146 1314 887 1269 1122 418 891 41 827 739
134,is it possible to correlate the results on the creep buckling of widely different structures within the framework of a single theory .,866 951 1012 1015 1013 1017 1028 1020 1014 1023 1026 1021 743 739 640 1029 1031 1052 1018 935 950 31 1120 827 1024 1027 837 96 355 720 1030 1022 1025 313 886 1237 400 1035 870 1056 232 566 909 1034 871 1016 1119 729 343 766
135,what are the experimental results for the creep buckling of columns .,1026 950 951 1013 1020 1023 1029 1017 1030 1024 1016 1014 1028 1015 1018 1027 1021 1019 1031 1025 1012 1034 1022 1035 1120 739 822 871 820 760 833 866 823 1146 952 935 928 1052 932 767 887 1068 1122 891 1067 42 957 827 863 1070
136,what are the results for the creep buckling of round tubes under external pressure .,951 1125 1021 829 1033 1034 140 831 1031 1026 761 550 1131 1015 1013 1020 1070 1023 891 1025 1027 1024 1119 1012 956 830 952 1068 950 957 139 1018 1173 1028 1145 1117 1132 1053 893 318 1017 1014 1030 1067 1029 1263 885 932 1016 869
137,have any analytical studies been conducted on the time-to-failure mechanism associated with creep collapse for a long circular cylindrical shell which exhibits both primary and secondary creep as well as elastic deformations under various distributed force systems .,952 1023 1026 1034 1021 1017 1013 1025 1024 1052 1012 837 740 853 1068 897 870 1028 1171 1015 1022 862 1027 1126 1125 1145 955 822 1020 1123 724 950 1032 1172 934 1326 953 1136 1059 836 850 1129 767 852 847 743 951 926 1118 871
138,"has the effect of initial stresses,  on the frequencies of vibration of circular cylindrical shells,  been investigated .",897 764 844 953 846 841 887 1068 854 760 765 740 889 1171 769 851 847 826 1118 1172 763 885 722 1051 1173 910 850 926 1066 1122 955 954 1038 658 928 935 843 848 934 129 1070 890 870 1013 852 845 1034 728 908 830
139,"has the effect of the change of initial pressure due to deformation,  on the frequencies of vibration of circular cylindrical shells been investigated .",826 897 887 844 764 1038 760 846 955 763 953 1172 841 1068 1122 1171 847 1118 956 769 1051 926 1173 129 910 850 1066 131 934 1119 740 1070 1034 1132 42 848 658 954 851 722 854 1013 839 845 765 743 728 908 819 1071
140,what are the discontinuity stresses at junctions in pressurized structures .,954 1038 890 580 840 31 720 497 769 870 839 640 887 743 329 762 725 828 837 915 1079 195 1134 838 1051 92 1363 42 47 1350 66 885 1045 874 1059 1361 29 848 236 1046 955 36 75 1072 729 51 30 251 836 852
141,what analytical solutions are available for stresses in edge-loaded shells of revolution .,1038 851 828 1043 1135 889 843 1137 1134 1214 819 743 957 760 885 117 954 765 935 1174 854 930 1053 570 830 1044 1359 1034 410 1059 1055 728 735 195 124 744 400 1398 742 30 1068 1051 1361 837 989 498 647 1058 831 1171
142,what dome contours minimize discontinuity stresses when used as closures on cylindrical pressure vessels .,954 890 769 1125 1134 1175 887 1068 827 531 765 885 828 1038 935 1219 889 870 740 922 852 854 329 843 1058 711 1067 851 236 42 720 1034 95 928 1129 760 990 345 29 934 173 1362 1079 739 374 712 893 1002 127 596
143,what general solutions for the stresses in pressurized shells of revolution are available .,1043 1051 954 828 889 1134 930 839 1174 955 843 1137 1044 885 743 195 117 765 1171 1068 935 854 498 851 1052 1038 1053 1294 1070 826 1149 1135 1059 124 400 1130 1214 30 760 831 802 890 231 1042 251 1041 1132 769 988 849
144,can studies of pure membrane cylinders having no wall bending stiffness but maintaining their shape by virtue of internal pressure provide any insight into the behaviour of pressurized cylinders with finite wall stiffness .,955 839 1045 763 1363 840 838 1126 1051 1178 786 928 1046 846 954 856 1105 1177 659 730 1340 743 1176 982 1039 746 1283 1100 42 1130 1175 199 72 666 112 158 876 657 640 889 686 1360 45 1037 596 1121 844 266 1022 1024
145,what are the best experimental data and classical small deflection theory analyses available for pressurized cylinders in bending .,1051 839 1045 838 763 1046 955 1126 641 1118 827 851 928 1121 1130 956 42 520 915 1176 954 1116 251 1013 1177 950 1359 1024 647 932 1119 92 1214 1122 121 1310 441 403 1175 422 1178 769 1117 435 829 454 863 1048 1298 644
146,does a membrane theory exist by which the behaviour of pressurized membrane cylinders in bending can be predicted .,955 1045 641 840 730 1175 839 763 854 838 1046 928 1134 1051 1176 1363 1146 1178 1130 1177 1122 954 186 1137 842 926 1022 845 740 1126 1047 657 1117 1153 837 801 1100 826 122 846 1000 1024 883 1119 659 628 1359 640 848 894
147,what are the equations which define the stability of simply supported corrugated core sandwich cylinders .,956 1050 1049 843 1358 1392 1119 1128 1357 1387 889 1171 1127 761 1145 1397 647 852 1126 845 1396 844 863 850 1400 1398 826 888 1069 894 422 391 1068 191 1172 1034 935 1060 1399 885 720 390 733 1056 1130 78 392 839 36 1008
148,papers on small deflection theory for buckling of sandwich cylinders .,956 1048 1126 1050 763 739 838 1051 761 826 1118 827 1127 822 926 951 928 1069 1178 1122 915 720 1121 1359 1146 1117 932 1119 851 888 1176 533 1049 1022 1177 839 46 1116 823 744 388 1128 1067 1021 1173 1034 1013 769 875 1396
149,has anyone developed an analysis which accurately establishes the large deflection behaviour of conical shells .,930 926 1051 1070 931 1058 826 1059 937 898 1118 934 802 739 935 851 633 951 1053 741 1024 19 938 1360 1363 936 1131 1041 928 744 737 1044 894 827 423 624 1117 1043 883 1068 915 956 1135 830 742 1134 1130 136 865 128
150,what is the magnitude of second-order wing-body interference at high supersonic mach number .,1062 1075 1074 924 923 1202 252 970 1243 696 1239 991 188 799 993 60 179 230 232 663 814 1108 1259 803 695 791 431 124 520 927 234 433 1147 205 229 223 918 610 747 36 809 201 683 1079 593 231 1272 52 1188 434
151,what is the best theoretical method for calculating pressure on the surface of a wing alone .,251 783 924 433 52 676 1266 1362 101 1246 781 677 1248 222 1262 432 42 950 399 246 142 206 1185 991 453 678 1386 121 1192 1195 1062 498 652 464 1051 839 917 204 784 289 225 1075 146 1121 1164 811 635 1234 539 834
152,"how can the effect of the boundary-layer on wing pressure be calculated, and what is its magnitude .",42 1362 1079 671 94 1076 1273 1225 36 80 543 683 547 1062 364 346 117 1074 236 610 39 1072 696 448 862 917 921 1248 1107 251 1382 339 311 324 1343 646 601 207 676 615 1229 1268 191 13 933 828 561 673 623 281
153,how should the navier-stokes difference equations be solved .,1063 1085 1081 1082 394 393 323 329 117 1391 149 128 281 1394 666 1078 228 1053 349 171 543 300 584 1273 943 613 1370 1235 615 1088 1321 364 299 551 730 830 422 1389 1054 614 1222 548 1079 367 956 1061 962 411 1121 32
154,which  iterative method for solving linear elliptic difference equations is most rapidly convergent .,1088 1086 1054 111 1055 367 1063 1087 1262 159 1362 1389 863 777 827 785 479 1079 1061 349 1121 451 916 93 1366 1178 266 659 1375 703 1361 1312 251 150 1382 395 962 1384 530 1301 832 454 1082 383 276 351 1036 551 788 693
155,technical report on measurement of ablation during flight .,1101 804 1065 810 553 1279 1099 1226 1097 1299 968 1100 1096 598 1089 806 82 1170 904 1270 743 705 76 781 876 1241 238 1098 237 1007 805 746 594 480 274 438 293 790 982 587 213 899 767 1291 1139 1345 120 610 698 1344
156,what qualitative and quantitative material is available on ablation materials research .,1096 1097 1065 553 1098 1099 1279 1100 534 761 1302 204 1117 82 251 1015 463 906 818 1101 274 1160 191 1209 866 185 403 829 753 12 1226 1250 127 1241 1072 1057 262 455 1079 1025 198 462 1103 119 592 955 242 587 707 804
157,have flow fields been calculated for blunt-nosed bodies and compared with experiment for a wide range of free stream conditions and body shapes .,1006 1393 456 160 318 556 498 626 1377 25 544 1356 369 493 372 993 370 1002 1204 1234 294 1274 473 161 332 657 295 196 1253 1319 1151 927 360 979 1281 557 1082 574 994 232 576 1105 816 44 423 1075 688 571 34 1287
158,what are the available properties of high-temperature air .,302 236 552 949 328 1269 1298 691 1072 1199 259 1335 1230 262 82 982 463 1185 117 1011 481 462 364 283 876 524 251 609 12 169 1043 1263 541 1010 34 878 14 195 110 1226 615 622 616 762 405 421 542 966 1314 1161
159,what is the magnitude of aerodynamic damping in flexible vibration modes of a slender body of revolution characteristic of launch vehicles .,1066 1197 1259 1112 1293 801 846 716 52 723 42 1339 969 1321 899 895 1035 100 844 25 1287 1289 67 166 390 432 916 69 922 802 468 494 625 728 428 719 326 983 939 192 77 781 1079 233 1115 790 919 1393 1248 272
160,compressive circumferential stresses in a torispherical shell reveal the possibility of buckling under internal pressure . has anyone investigated for which ranges of shell parameters these stresses are sufficiently large to cause elastic buckling .,1071 885 890 769 830 1134 740 887 739 765 889 1172 1126 843 1012 1051 926 1059 852 1034 1145 1053 1146 828 764 822 891 1362 1122 1123 1068 763 400 1116 1171 1173 741 1129 839 1031 897 894 847 1131 1178 935 888 846 1175 1052
161,is there an integral method to give a single and sufficiently accurate method of calculating the laminar separate point for various incompressible and compressible boundary layers with zero heat transfer .,1386 54 1185 460 55 145 1192 539 784 435 1182 406 1281 135 366 283 365 348 364 306 329 1375 72 461 314 980 352 50 489 1109 1366 377 142 16 959 1301 62 546 324 49 81 240 1222 962 376 248 399 662 1250 1382
162,what accurate or exact solutions of the laminar separation point for various incompressible and compressible boundary layers with zero heat transfer are available .,460 55 1386 461 366 559 489 1109 292 365 62 145 135 348 562 1383 1185 1281 364 81 240 477 54 1149 1182 565 16 629 1366 306 959 260 963 94 72 17 49 1393 36 406 754 1241 661 1394 1214 457 283 435 1236 1222
163,can the hypersonic similarity results be applied to the technique of predicting surface pressures of an ogive forebody at angle of attack .,492 232 56 57 434 124 973 1231 37 1311 27 373 1186 1040 25 443 1307 688 1310 122 540 354 248 48 815 572 1355 58 655 988 32 1304 283 1218 1114 1154 1381 9 1347 947 197 801 233 1193 1309 573 993 305 901 694
164,what determines the onset of shock-induced boundary-layer separation .,311 415 265 503 1187 316 358 1268 71 1228 798 291 416 569 757 439 793 1364 1287 1257 1239 334 1216 797 457 504 773 187 421 388 461 996 55 42 1276 111 1220 1383 1385 1367 1382 117 150 1355 663 1311 363 1224 1384 675
165,are the stable profiles of a compressible boundary layer induced by a moving wave known .,504 71 209 569 663 1375 1276 72 410 383 1269 474 978 1241 417 1109 961 364 306 305 414 1386 1303 94 54 1257 1268 348 943 1300 326 671 967 495 508 233 1281 1206 1390 1203 36 491 460 1311 131 1393 899 74 890 121
166,are there experimental results on the stability of a compressible boundary layer induced by a moving wave .,504 663 209 71 1303 36 569 334 1276 55 72 145 1203 1220 207 439 305 1282 531 306 1364 1321 73 329 417 17 192 1386 1257 377 348 326 460 508 484 1302 599 1311 142 383 1393 304 899 410 1300 961 406 489 814 11
167,exact solution methods for calculating the ablative mass loss of a material ablating at high temperatures in a hypersonic flight environment .,553 1279 274 1100 1147 1043 1157 82 77 773 1241 1297 981 1098 1183 536 1009 603 766 652 29 84 305 509 1003 1230 323 677 556 353 401 836 122 952 101 69 572 665 1161 365 645 574 1303 1101 1274 540 606 1065 128 1319
168,"what approximate solutions are known to the direct problem of transonic flow in the throat of a nozzle,  i.e. finding the flow in a given nozzle .",118 750 341 965 410 157 217 1273 236 404 575 166 1224 1009 656 591 1230 696 117 131 136 1187 1110 941 629 942 173 604 127 495 160 1280 379 921 1274 1072 1319 18 467 221 970 124 6 1296 1354 430 213 4 521 714
169,"what approximate solutions are known to the indirect problem of transonic flow in the throat of a nozzle,  i.e. finding a nozzle which has a given axial velocity distribution .",750 118 157 341 965 217 136 166 131 236 1280 1273 575 213 127 410 604 4 656 1274 1230 985 1319 1072 1009 458 404 18 591 495 467 173 696 1224 257 1110 1327 117 942 974 115 949 172 1326 91 1187 556 219 941 629
170,"why do users of orthodox pitot-static tubes often find that the calibrations appear to be,. - (a) significantly different from those formerly specified,  (b) wildly variable at low reynolds numbers .",904 139 1082 238 905 893 315 239 140 213 1264 443 550 1004 1191 9 175 906 1205 371 189 187 1033 1149 526 1040 689 786 287 670 1319 311 1025 11 1381 666 1107 702 564 177 129 993 660 992 792 1346 73 272 1349 824
171,has a comparison been made between interference-free drag measurements using free-flight models and similar measurements made in a low-blockage wind tunnel .,516 431 252 141 904 188 808 1155 755 179 1153 631 183 608 1074 800 1065 230 714 76 1395 812 513 799 791 594 1004 809 171 10 311 1163 1318 1101 1000 602 196 1336 668 795 672 1243 1066 794 1204 638 140 244 199 970
172,solution of the blasius problem with three-point boundary conditions .,320 527 322 321 476 478 1235 1370 107 736 1251 934 424 6 641 23 731 150 155 336 537 1281 1108 366 734 551 323 445 72 417 1083 837 981 246 987 1393 1209 394 362 157 1182 479 700 1219 1233 627 111 540 1206 452
173,references on lyapunov's method on the stability of linear differential equations with periodic coefficients .,451 367 532 931 956 703 1047 731 1054 91 777 785 1088 1067 767 1240 1392 936 155 290 1174 850 934 111 1119 916 376 1171 1086 357 1366 1320 1379 861 929 90 351 854 300 1129 348 105 293 50 977 738 62 1270 841 1192
174,obtain all papers and reports that contain shock detachment distance data .,483 35 1274 1319 501 533 1151 1390 1257 411 523 1318 160 369 1157 178 1174 37 552 46 201 1204 1156 1140 875 706 329 388 520 58 308 739 1198 462 384 1121 790 1063 195 386 1107 1179 1047 656 1232 947 1007 383 72 800
175,work on flow in channels at low reynolds numbers .,941 139 1080 351 666 9 491 1082 550 1256 238 315 1221 270 112 1191 630 1078 1007 668 206 755 965 1395 710 186 1264 793 712 240 242 53 147 212 1394 372 103 1381 792 667 663 675 994 657 134 1302 165 347 1324 7
176,some approximate analytical heat conduction solutions using methods other than biot's principle .,542 963 1073 586 869 1375 767 30 461 981 307 6 1182 581 5 435 454 587 1185 181 518 495 119 580 1207 242 570 760 292 160 1330 1366 93 644 159 667 1183 707 12 486 1214 1041 944 479 872 476 546 582 390 831
177,what mode of stalling can be expected for each stage of an axial compressor .,543 590 588 589 426 237 216 138 576 214 578 772 1034 592 42 1102 642 213 591 911 1089 1371 846 1117 311 1068 215 18 844 185 1356 1038 847 1172 168 640 722 36 262 1177 685 1248 1354 1079 1169 1322 899 251 822 392
178,has a criterion been established for determining the axial compressor choking line .,591 138 216 589 511 590 543 31 237 1155 426 1171 772 588 1183 214 73 839 827 18 236 1293 387 1318 1316 578 1151 940 957 273 626 1118 1085 820 642 1360 769 39 819 1275 1323 43 91 1154 576 799 270 1304 364 889
179,"has a theory of quasi-conical flows been developed, in supersonic linearised theory, for which the upwash distribution on the lifting surface, apart from being a homogeneous function in the co-ordinate, is permitted to have a quite general functional form .",633 428 682 680 224 122 930 811 183 918 49 753 1196 370 562 1271 257 97 826 512 19 470 849 455 657 706 227 1330 232 147 1231 987 467 458 52 677 674 433 325 270 1289 665 1217 459 1267 247 1343 1061 854 280
180,how does scale height vary with altitude in an atmosphere .,548 616 617 613 622 1391 614 218 1324 615 969 716 315 85 1103 404 1166 1150 719 621 314 960 901 401 163 799 186 882 555 1072 874 810 553 96 1000 806 86 275 807 1345 811 1077 156 67 281 308 912 710 1348 862
181,jet interference with supersonic flows theoretical papers .,997 993 1350 1195 1075 409 1074 1243 696 1374 388 1151 610 1292 799 1093 243 970 695 1062 1352 46 131 1349 971 176 270 875 519 657 38 924 121 174 233 672 946 1153 973 97 739 725 991 455 177 195 791 992 173 126
182,effects of leading-edge bluntness on the flutter characteristics of some square-planform double-wedge airfoils at mach numbers less than 15.4.,634 685 686 593 572 1290 1300 712 193 440 211 1338 857 1218 201 655 757 675 1341 856 442 1339 1188 597 1213 900 797 544 571 371 421 312 1320 876 794 526 701 859 503 285 1157 514 1272 753 1311 1307 793 334 465 569
183,what factors have been shown to have a primary influence on sonic boom strength .,809 758 893 804 807 1243 808 811 1177 1068 374 39 199 88 997 1226 251 555 568 127 1277 1247 1237 1121 1128 1151 1003 783 1332 268 1313 828 440 514 1155 1134 806 849 566 724 610 1169 600 409 813 642 1334 810 416 651
184,work on small-oscillation re-entry motions .,82 554 813 509 67 1217 1219 1000 978 353 895 717 917 716 274 1379 1113 1068 1391 318 1297 790 1279 164 555 713 162 1348 380 1323 1047 982 764 1346 1296 944 1345 715 1329 919 1347 163 639 184 1226 245 275 1046 1331 251
185,experimental studies on panel flutter .,856 857 858 390 766 1008 948 391 859 658 627 864 894 285 15 753 686 878 911 1392 75 1338 1290 202 1341 997 634 442 781 1127 728 1339 685 1111 1337 747 593 441 643 720 52 1314 434 1269 879 444 749 418 719 876
186,"how can wing-body,  flow field interference effects be approximated rationally .",1243 1062 1239 803 610 1075 1074 252 229 230 723 924 923 404 921 1273 1391 456 901 520 266 433 1111 60 531 1153 993 188 799 17 179 52 696 795 1093 775 927 626 1328 1393 1224 1255 420 431 349 659 94 437 39 916
187,has anyone analytically or experimentally investigated the effects of internal pressure on the buckling of circular-cylindrical shells under bending .,763 839 1126 841 897 1068 936 1171 1070 955 926 1172 1051 1071 887 826 743 846 953 769 1117 1173 765 764 831 1067 741 935 850 889 885 838 739 934 929 928 830 760 827 742 1123 1119 852 1122 1055 1118 740 1012 1176 937
188,what theoretical and experimental work has been done on the excitation and response of typical structures in a noise environment .,725 640 722 1360 908 220 729 764 186 1279 1316 251 1270 909 740 29 720 102 997 202 28 742 497 1068 811 911 78 236 262 137 1160 724 1146 1046 19 395 129 762 1039 658 893 805 113 66 209 1268 1369 760 123 47
189,is there a design method for calculating thermal fatigue endurances of components of various types and sizes in a variety of circumstances .,767 870 640 881 865 1362 726 909 883 246 907 833 1332 980 906 314 399 724 768 837 868 893 732 884 1180 498 302 1177 727 987 712 796 867 948 215 1212 249 581 1360 762 29 869 924 1146 195 592 835 836 925 75
190,"will an analysis of panel flutter based on arbitrarily assumed modes of deformation prove satisfactory,  and if so,  what is the minimum number of modes that need be considered .",390 15 856 1339 627 1069 52 895 391 948 728 1008 1322 1111 1035 42 723 760 769 820 14 36 1392 766 858 846 414 518 828 122 859 857 658 862 656 530 1066 894 914 1134 781 1198 425 18 765 864 1037 110 844 1207
191,"what is the criterion for true panel flutter,  as opposed to small amplitude vibration arising from acoustic disturbances .",766 894 658 15 1392 1242 627 948 391 827 858 319 856 857 859 75 720 1008 390 864 285 541 73 899 1339 42 728 209 52 727 593 1244 151 236 719 914 686 1208 441 844 380 660 1387 846 908 1329 331 169 874 1249
192,papers dealing with uniformly loaded sectors .,641 875 735 647 734 648 46 1398 388 733 745 642 215 386 950 819 1202 1135 743 739 1175 1014 777 1176 551 1069 850 310 195 1399 1359 1046 730 1212 392 460 1038 888 742 913 500 802 270 1178 851 744 649 486 1017 156
193,general methods of solving clamped plate problems .,733 641 730 735 734 422 1392 736 648 454 703 1088 551 145 644 424 1396 647 1060 1387 425 837 826 266 395 1295 579 1029 111 458 400 886 1054 1087 1297 980 181 1042 336 746 350 856 459 737 1032 159 398 368 627 281
194,how can the analytical solution of the buckling strength of a uniform circular cylinder loaded in axial compression be refined so as to lower the buckling load .,642 744 932 957 760 1126 1178 741 740 1123 1172 739 888 1117 1051 1173 1359 1122 1131 839 1017 956 823 885 937 743 887 1050 1171 822 1070 1069 1177 1116 1293 769 763 1055 1145 742 1024 1176 1067 897 928 735 1038 1012 765 830
195,"in the problem of the buckling strength of uniform circular cylinders loaded in axial compression,  does the linear solution help with improving the non-linear one .",642 744 932 1122 1055 739 1067 1359 457 831 1054 1126 1173 1293 1116 839 1172 863 627 1309 1131 1176 1051 1050 928 1069 734 1118 1117 842 1294 777 760 956 822 1068 888 1145 741 515 1046 887 769 785 934 823 743 763 1123 833
196,the problem of similarity for representative investigation of aeroelastic effects in a flow with the absence of heating effects .,184 1361 486 1008 875 746 966 349 442 57 390 1346 1274 1319 1323 1311 51 1281 577 13 342 1253 662 395 14 540 657 781 711 25 102 494 481 1213 939 864 152 327 1177 180 243 84 246 56 144 124 1227 573 572 1321
197,how is fatigue damage estimated using the normal long-hand method .,723 881 884 726 768 909 261 746 724 1168 865 767 1312 883 640 720 6 924 234 75 454 230 292 613 775 1397 404 1268 494 866 352 727 1179 543 70 421 867 952 615 229 882 1235 1087 1236 923 1400 92 575 1162 953
198,is there any information available on the difference in the effects of various edge conditions on the buckling of cylindrical shells .,889 1126 1174 743 897 1051 1068 826 843 887 741 760 890 551 769 1052 851 1070 1067 885 739 1027 886 935 906 763 1171 765 798 1117 761 1119 1132 957 1013 936 926 1055 928 1172 1122 1360 830 1214 934 280 96 839 1088 1053
199,have non-linear large deflection analyses been conducted for shell shapes other than conical .,739 1294 931 930 1059 1058 852 451 428 769 926 514 1051 828 744 1055 827 1054 764 928 232 130 515 1362 470 683 638 337 1114 626 740 457 894 822 1309 520 92 1068 1204 1091 682 122 777 674 730 863 390 833 1044 19
200,"are asymptotic methods sufficiently accurate in the determination of pre-buckling stresses in torispherical shells,  or must we resort to numerical methods .",1071 1053 1134 851 1362 1117 934 1137 760 1070 935 1032 885 461 730 128 1184 889 370 1386 957 769 765 890 1110 29 830 817 159 580 720 1029 1087 1043 1297 1175 322 923 936 273 1140 826 400 1375 940 775 1174 467 843 937
201,what are the nonequilibrium chemical constituents in the viscous shock layer ahead of a blunt re-entry vehicle .,625 1297 1296 1217 401 1379 410 318 82 1391 554 509 274 541 1219 24 1295 1345 1279 1394 77 1245 164 1274 1319 944 1346 982 353 576 163 1151 329 1374 1347 291 1313 1072 236 117 716 553 575 25 1241 1189 517 967 1253 537
202,"how accurate are existing analytical theories in estimating pressure distributions on cones at incidence,  at hypersonic speeds .",1285 1310 232 925 687 1378 214 122 979 234 411 514 927 1305 1274 1319 226 260 223 203 1300 371 1231 354 814 19 663 56 981 58 612 225 628 196 315 1002 36 1213 836 252 186 753 1075 206 900 467 708 679 556 605
203,are simple empirical methods of any use for estimating pressure distribution in cones .,1285 122 1306 58 927 1310 580 676 1206 814 147 1333 411 1386 882 459 225 370 677 49 961 38 359 925 1262 626 68 482 1117 1368 656 940 179 703 1125 19 1088 1308 155 1087 592 48 362 1300 957 923 247 575 1213 461
204,do viscous effects seriously modify pressure distributions .,147 573 1236 937 371 786 802 112 1080 1214 1311 57 1229 363 444 679 971 496 927 287 465 443 351 572 504 383 834 192 308 310 197 305 85 1310 94 121 128 1082 315 205 536 133 1388 1076 1307 222 250 819 513 260
205,has anyone investigated theoretically whether surface flexibility can stabilize a laminar boundary layer .,1323 131 1017 1287 912 1069 135 72 933 352 1182 1192 334 133 40 1185 1199 1321 667 1301 73 587 134 337 1364 1213 465 1355 827 479 540 547 798 962 2 1367 1381 315 784 364 376 1235 37 381 1324 610 996 959 459 1109
206,how do subsonic and transonic flutter data measured in the new langley transonic dynamics tunnel compare with similar data obtained in other facilities .,1290 1338 1341 876 440 312 879 38 252 315 467 496 638 121 468 371 878 780 526 469 567 809 404 431 918 197 118 1154 598 1106 812 441 880 1153 124 1336 443 204 335 1204 781 709 685 1269 214 795 435 503 750 63
207,how do large changes in new mass ratio quantitatively affect wing-flutter boundaries .,859 1290 948 78 747 39 1341 391 749 766 593 1008 442 819 858 1338 921 380 679 686 434 362 42 14 643 834 365 274 685 1362 1111 89 1064 703 230 52 781 1094 580 857 315 712 1337 202 1361 874 228 151 441 1339
208,what is the effect of the shape of the drag polar of a lifting spacecraft on the amount of reduction in maximum deceleration obtainable by continuously varying the aerodynamic coefficients during re-entry .,1291 163 1344 1345 1348 1217 566 1346 164 1219 624 982 275 1347 357 1323 1226 274 1173 554 1300 978 719 77 1305 1379 82 716 44 379 1352 991 262 749 1080 1279 33 1239 117 713 711 715 1342 1177 1242 1092 707 509 1196 598
209,what are the physical significance and characteristics of separated laminar and turbulent boundary layer flows .,959 240 651 187 455 45 89 798 487 358 38 974 1364 996 1072 799 418 458 1368 1278 1383 450 1241 135 1281 706 527 17 62 364 671 53 417 1184 1106 1216 300 1268 966 336 305 540 256 1263 377 294 410 207 413 563
210,has anyone analytically investigated the stabilizing influence of soft elastic cores on the buckling strength of cylindrical shells subjected to non-uniform external pressure .,1172 1145 1171 887 1068 739 1125 1126 743 938 897 885 957 1132 1173 1037 1071 1031 1133 889 1118 760 953 831 1117 1067 1070 744 1122 830 843 1130 891 1055 642 852 1131 769 838 956 839 763 926 1177 1052 826 741 1043 934 827
211,what papers are available on the buckling of empty cylindrical shells under non-uniform pressure .,739 885 1068 1070 887 1117 1051 741 1171 831 953 935 1145 744 897 1055 889 1067 765 1173 743 769 1125 1174 926 852 937 1126 1071 1037 760 1172 763 957 830 1122 851 761 936 1131 843 839 934 1119 928 1132 1054 828 955 841
212,what effect do thermal stresses have on the compressive buckling strength of ring-stiffened cylinders .,1178 1177 888 838 1176 885 1070 1146 1132 1133 1116 1130 1293 769 1121 1359 1173 1031 890 1129 1051 886 31 864 580 1012 1122 870 823 1399 1050 740 932 1134 760 839 889 1126 1035 1013 419 825 1358 887 843 1357 928 1362 954 1119
213,what is the effect on cylinder buckling of a circumferential stress system that varies in the axial direction .,888 741 885 769 1173 887 642 1038 890 1178 1117 1146 891 1068 1123 1145 23 744 1116 105 953 852 765 1172 1126 839 1131 1122 763 956 1121 928 760 740 1051 1134 255 1400 823 937 1012 822 897 1177 42 954 847 845 848 932
214,can non-linear shallow shell analysis be reduced to an engineering technique by use of the matrix .,1294 1362 828 739 930 1044 848 916 47 92 777 1154 831 1042 1059 1058 231 1043 351 756 764 744 852 1054 1071 1036 596 15 1055 827 515 451 130 1068 1135 830 833 1333 202 952 428 156 931 1126 244 1025 506 874 241 470
215,is it possible to predict the shape of a shroud which will allow simulation of the nose region flow field for a sphere in hypersonic flow .,535 1253 25 574 666 1198 1205 625 273 317 1391 1238 984 1234 401 160 188 295 979 2 192 211 179 1204 985 37 1309 669 85 945 575 329 36 421 456 601 1228 770 1009 357 305 44 536 318 18 134 1377 690 45 656
216,what investigations have been made of the wave system created by a static pressure distribution over a liquid surface .,893 175 39 1319 1274 974 117 506 828 958 612 1068 407 800 1006 1200 1151 1156 370 1206 1364 693 1269 1107 344 1225 692 251 679 1280 695 330 1220 293 222 905 1002 1248 904 1313 391 764 1389 514 120 138 1198 1271 567 1004
217,has anyone investigated the effect of shock generated vorticity on heat transfer to a blunt body .,323 1393 666 983 44 1151 1395 1394 1161 324 369 1318 1002 946 2 123 35 334 438 1204 36 629 670 1213 25 553 329 283 295 142 84 294 101 1247 625 523 655 559 1106 1364 1006 154 1107 994 322 1274 959 64 1159 1192
218,what is the heat transfer to a blunt body in the absence of vorticity .,36 323 1393 1395 1394 983 670 666 295 35 1161 101 559 44 154 438 553 1281 283 369 294 1204 629 142 1002 662 1106 84 655 1213 554 566 493 522 1104 1237 324 1147 354 979 435 77 180 1307 329 1040 2 555 523 585
219,what are the general effects on flow fields when the reynolds number is small .,1222 236 1221 319 208 992 1082 33 117 299 993 342 456 1072 149 315 660 184 268 828 967 139 657 112 530 663 1194 500 332 1281 1264 417 115 537 42 1302 160 607 197 1392 576 73 1249 481 96 402 1295 189 329 407
220,find a calculation procedure applicable to all incompressible laminar boundary layer flow problems having good accuracy and reasonable computation time .,1375 231 292 458 461 1192 472 527 837 540 1182 1242 977 629 1302 375 261 378 1281 1149 241 889 899 309 1225 135 191 287 498 843 16 266 662 1183 637 1180 1386 54 4 1241 457 784 1365 1224 433 376 294 1100 701 1112
221,papers applicable to this problem (calculation procedures for laminar incompressible flow with arbitrary pressure gradient) .,388 1386 1366 458 653 637 404 73 1182 662 540 528 3 1375 133 278 49 395 4 46 54 574 610 55 1180 292 81 1221 587 754 135 652 580 1370 966 784 94 194 1225 326 559 527 1283 1149 691 266 217 435 128 122
222,has anyone investigated the shear buckling of stiffened plates .,1130 419 1399 400 1400 1121 1050 1048 1070 820 1178 1396 888 1176 826 1359 863 1177 1120 1173 838 1132 886 1119 1013 1008 31 1358 1357 1037 1116 393 412 1029 1067 1360 830 324 1293 1014 1129 887 1387 116 1133 1055 956 1107 827 929
223,papers on shear buckling of unstiffened rectangular plates under shear .,400 1399 1400 419 1387 388 1121 1050 1048 1358 1357 1008 1037 412 1398 826 1396 1119 929 1130 863 820 739 1117 956 733 1067 1173 484 953 397 839 393 659 418 1392 943 1244 425 109 1363 1359 65 1051 889 389 398 180 324 538
224,"in practice, how close to reality are the assumptions that the flow in a hypersonic shock tube using nitrogen is non-viscous and in thermodynamic equilibrium .",1312 1286 317 259 236 401 1296 1316 656 575 576 167 1315 329 1313 85 1009 1314 175 110 140 540 1230 572 1157 488 1374 166 1298 494 541 625 117 123 405 315 1391 305 1274 1318 1011 1319 170 456 1082 160 1309 1257 319 308
225,what design factors can be used to control lift-drag ratios at mach numbers above 5 .,1188 1380 225 70 1345 1124 1291 638 748 226 1218 431 416 792 797 1256 235 566 674 975 702 1334 77 1332 780 1344 671 1349 1 709 893 567 1000 9 312 683 503 791 799 631 57 796 708 548 36 200 640 712 1355 701
